{"cameraMode":{"drawMode":0,"name":"Shaded","section":"Shading Mode"},"sceneLighting":true,"audioPlay":false,"sceneViewState":{"m_AlwaysRefresh":false,"showFog":true,"showSkybox":true,"showFlares":true,"showImageEffects":true,"showParticleSystems":true,"showVisualEffectGraphs":true,"m_FxEnabled":true},"in2DMode":false,"pivot":{"x":-0.9707459211349487,"y":0.07172300666570664,"z":1.374061107635498},"rotation":{"x":0.13261714577674867,"y":-0.8667575120925903,"z":0.3218044340610504,"w":0.35719555616378786},"size":8.468120574951172,"orthographic":true}